branch_id,terminal,type,pin_count,cavity,colour,gauge,mates_to,mate_class,model_connector,recorded_on,status,notes
B04.3,,4P rect (large),4,1,Br,,Shindengen SH221-12 regulator/rectifier,component,RR,2026-08-29,superseded,"cavity rule: latch-up. NO LATCH on this housing - orientation taken from the notched keyway on the top (wide) face, viewed from the mating face. Keyway-up and labels-upright happen to agree here - but that is COINCIDENCE, not a second reference: B06.5's marks read UPSIDE DOWN with its keyway up. The keyway is the datum; the marks are not. See the orientation warning in measurements/README. Moulded marks on the face, verbatim: a diamond-hashtag, a '5', and a circled T. NONE are cavity numbers - a 4-way housing has no cavity 5; the 5 is a mould-tool cavity, the circled T a maker's mark, the diamond a resin stamp. Kept as the part-identification lead for part selection. Connector: 4-pin rectangular housing, 4 flat female spade terminals, make/series unidentified. HOUSING: transparent white. BLADE WIDTH: NOT MEASURED - eyeballed at ~1/4 in (6.35 mm) and compared by eye against the R/R half, which also reads ~1/4 in. This is an estimate, not a measurement, and 1/4 in vs 6.3 mm metric is exactly the distinction an eyeball cannot make. Needs calipers on the blade before any part is ordered. Top left. The DC output - rings 0.0 Ohm to the ignition switch brown 2026-08-28, so charging returns through the ignition switch. W_RR_OUT is wrong in the models on both colour (Br not W) and destination. ** SUPERSEDED 2026-08-29 ** - the DC-output reading in this row is overturned. It rested on the 4-pins-no-spare argument, and the R/R half is populated on only THREE cavities. The 0.0 Ohm continuity to the ignition brown STANDS; what falls is the inference that the R/R drives it."
B04.3,,4P rect (large),4,2,BK/Y,,Shindengen SH221-12 regulator/rectifier,component,RR,2026-08-29,provisional,"cavity rule: latch-up. NO LATCH on this housing - orientation taken from the notched keyway on the top (wide) face, viewed from the mating face. Keyway-up and labels-upright happen to agree here - but that is COINCIDENCE, not a second reference: B06.5's marks read UPSIDE DOWN with its keyway up. The keyway is the datum; the marks are not. See the orientation warning in measurements/README. Top right. BLACK base, thin yellow tracer. GROUND NET B - open to the B04.1 chassis ring, continuous with B00.2 B10.5 B04.5."
B04.3,,4P rect (large),4,3,Y,,Shindengen SH221-12 regulator/rectifier,component,RR,2026-08-29,provisional,"cavity rule: latch-up. NO LATCH on this housing - orientation taken from the notched keyway on the top (wide) face, viewed from the mating face. Keyway-up and labels-upright happen to agree here - but that is COINCIDENCE, not a second reference: B06.5's marks read UPSIDE DOWN with its keyway up. The keyway is the datum; the marks are not. See the orientation warning in measurements/README. Bottom left. One of the two alternator AC phase legs. ** MAPPED 2026-08-29: this cavity is B05.1.1. ** Read directly at the bench, closing the gap left by the 2026-08-28 reading, which established that each yellow bullet rings to A slot but not WHICH slot. Position is the only thing separating the two yellows; colour and gauge cannot. Branch IDs are the harness's physical tape tags B05.1.1/B05.1.2; the lengths log's B05.1/B05.2 rows were superseded 2026-08-29 to match. Electrically the two AC legs are interchangeable into a single-phase bridge, so this mapping is completeness, not correctness - but it is unrecoverable once the loom is cut."
B04.3,,4P rect (large),4,4,Y,,Shindengen SH221-12 regulator/rectifier,component,RR,2026-08-29,provisional,"cavity rule: latch-up. NO LATCH on this housing - orientation taken from the notched keyway on the top (wide) face, viewed from the mating face. Keyway-up and labels-upright happen to agree here - but that is COINCIDENCE, not a second reference: B06.5's marks read UPSIDE DOWN with its keyway up. The keyway is the datum; the marks are not. See the orientation warning in measurements/README. Bottom right. The other alternator AC phase leg. ** MAPPED 2026-08-29: this cavity is B05.1.2. ** Read directly at the bench. Branch IDs are the harness's physical tape tags B05.1.1/B05.1.2; the lengths log's B05.1/B05.2 rows were superseded 2026-08-29 to match. Electrically the two AC legs are interchangeable into a single-phase bridge, so this mapping is completeness, not correctness - but it is unrecoverable once the loom is cut."
B04.3,,4P rect (large),4,1,Br,,Shindengen SH221-12 regulator/rectifier (cavity EMPTY on the R/R half),open,RR,2026-08-29,provisional,"cavity rule: latch-up, keyway on the top wide face, viewed from the mating face. Top left. ** THE R/R HALF HAS NO WIRE IN THIS CAVITY ** - confirmed at the bench 2026-08-29 with the mirror-image orientation explicitly accounted for; the R/R half is populated 2x Y + BK/Y only. So the harness brown lands on an EMPTY mate and the R/R does not drive it. The 2026-08-28 conclusion that brown IS the DC output is OVERTURNED - it rested on there being no spare pin, and there is one. The harness-side facts are unchanged: brown is continuous 0.0 Ohm with the switched-ignition net. DC OUTPUT CANDIDATE: a W/R wire leaves the R/R to a MALE BULLET, outside this connector. W/R is the known main power path (B04.6 <-> B06.4, 0.1 Ohm) feeding the starter relay and fuse box, which would make the models' W_RR_OUT (white, RR->SOL) broadly CORRECT rather than wrong on both counts. NOT YET PROVEN - ring the R/R's W/R bullet to B04.6/B06.4 to close it. STOCK, not a substitute - confirmed at the bench 2026-08-29. The R/R carries FOUR leads, in physical order as they exit the body: yellow, black, yellow, W/R. Three enter the 4P (2x Y + BK); the W/R does not - it leaves to a MALE BULLET outside this connector. So the 'no spare' argument holds after all, but on the COMPONENT'S LEADS rather than the connector's cavities: 2 AC in + ground + one remaining lead on a single-phase unit means W/R IS the DC output. OPEN QUESTION worth recording: if this is stock, why does the harness run a brown wire into a cavity the R/R never populates? Likely a housing shared across model variants, or a sense lead unused here. Not a fault, and not resolved. BLADE WIDTH MEASURED 2026-08-29: 5.97 mm across the flat of the MALE blade on the R/R half (the male is the right reference - a rebuild terminal has to fit it). This does NOT confirm 1/4 in: 6.35 mm nominal is 0.38 mm away, outside blade tolerance, so this is likely a 6.0 mm-class terminal and NOT a Faston 250. The earlier ~1/4 in figure was an eyeball estimate and is withdrawn. One reading on one aged blade - measure a second blade, and the harness-side receptacle, before ordering. DEPTH (type 4P rect): 24.5 mm, harness-side body, mating face to back of body. Subtract from length_mm for cut length. ** COMPONENT IDENTIFIED 2026-08-29: SHINDENGEN SH221-12. ** Named at the bench off the unit itself. This supersedes the moulded marks as the part-identification lead - the connector can now be sourced from the R/R's documentation rather than from a mould stamp. TO DO: pull the SH221-12 pinout and confirm on paper that the fourth lead is DC output and that only three pins are populated in the 4P. That would close the W/R question from the component side, independently of the harness ring-out. SECOND BLADE 2026-08-29: 5.96 mm, agreeing with the 5.97 mm first reading. FEMALE RECEPTACLE BORE: 6.76 mm. Profile is the same 'B' section as a 1/4 in Faston, plus a retention tang for the housing. ** THE TWO READINGS ARE SUSPECT, NOT CONFIRMED. ** A 6.76 mm bore on a 6.35 mm blade is ~0.4 mm clearance, which is normal; on a 5.96 mm blade it is ~0.8 mm of slop, which is not. Together with the matching 'B' profile, the bore points at a 6.35 mm / 250-series terminal. LIKELY MEASUREMENT ERROR: Faston blades are chamfered at the tip, so a caliper near the tip reads narrow - and reads narrow CONSISTENTLY, which is how two agreeing readings can both be wrong. Two readings agreeing is not two independent readings if both used the same wrong datum. TO CLOSE: measure across the WIDEST part of the blade body, back near the shoulder, not the tip. ~6.3 mm there means 250-series and the terminal can be sourced. DO NOT ORDER on 5.96. ** RESOLVED 2026-08-29: THE BLADE IS GENUINELY 5.96 mm. ** It is PARALLEL - 5.96 the full length, no taper - so the chamfered-tip explanation above is WRONG and is withdrawn. Two readings at 5.96/5.97 stand as measured. The 6.76 mm figure is most likely the HOUSING cavity rather than the terminal's spring grip, which removes the apparent slop. So this is NOT a 6.35 mm/250-series blade despite the matching 'B' profile. ** AND IT NO LONGER BLOCKS ANYTHING: the SH221-12 is NOT being reused. ** An SH775 series regulator (Polaris takeoff, ordered 19 Aug 2026 per docs/part-selection.md) is on hand, and it brings its own 3-pin AC + 2-pin DC Shindengen-spec connectors. This connector is now ARCHIVAL RECORD OF THE OLD HARNESS, not a part to source. Kept because the measurement is cheap to keep and impossible to retake once the loom is cut."
B04.6,,female bullet,1,,W/R,,Shindengen SH221-12 R/R - flying DC output lead (male bullet),component,RR,2026-08-29,provisional,"** ESTABLISHED BY ELIMINATION 2026-08-29. ** The harness contains exactly TWO W/R terminals in total - B04.6 (FEMALE) and B06.4 (MALE), verified by sweeping the colour column and every note in harness-lengths.csv; the only other white-base wire, B09, is W/Bl. The R/R's DC lead is a MALE bullet, so it can mate only a female, and B04.6 is the only female W/R terminal that exists. The one loophole - that the lead might mate a CHILD harness rather than the main loom - is closed by B04.6 and B04.3 sharing a breakout point at B04+200: the R/R's two connections leave the harness together. The SH221-12's fourth lead leaves the body as a MALE BULLET carrying W/R and is the DC output (2 AC in + ground + one lead remaining on a single-phase unit). Four independent agreements point it here: colour W/R both sides; gender male-to-female; B04.6 breaks out at B04+200, the SAME point as B04.3 the R/R 4P; and both run 60 mm, consistent with reaching one component. It also completes the circuit: R/R -> B04.6 -> the W/R net (B04.6 <-> B06.4, 0.1 Ohm) -> B06.4's double-female node -> starter relay + fuse box. ** THIS RESTORES THE MODEL. ** W_RR_OUT is drawn white, RR->SOL; B06.4's node feeds the starter relay. So the models were right and the 2026-08-28 'brown is the DC output' reading was inverted - see the overturned-conclusion note in measurements/README. This does NOT rest on continuity, which could not have settled it either way: two unmated halves prove nothing and two mated halves prove only that they are touching. It rests on the candidate list being complete, which is a property of the branch tagging - if an untagged W/R female bullet is ever found, this conclusion reopens. status stays 'provisional' per the README rule: status tracks the MEASUREMENT, not the identification, and B04.6's length has been measured once. The identification is recorded here, not by promoting status."
B06.4,,male bullet,1,,W/R,,fuse-box pigtail double-female bullet node (DISCONNECTED),component,MF,2026-08-29,provisional,"SINGLE MALE BULLET on the harness side - confirmed 2026-08-29 now that the starter and fuse-block cables are off. The harness contributes exactly ONE wire here. THE 3-WAY NODE IS NOT IN THE HARNESS. It was a DOUBLE-FEMALE BULLET on the FUSE-BOX PIGTAIL, recorded 2026-08-28 WHILE STILL MATED: this bullet, plus a W/R leg to the STARTER RELAY, plus a LARGER-GAUGE W/R into the fuse-box pigtail (the 20A MAIN's output). The R/R's DC output joins the same net at B04.6. ** THAT OBSERVATION CANNOT BE REPEATED. ** The pigtail is now disconnected, so the node is only knowable from the 2026-08-28 record. Unlike the six double-female bullets whose slot contents were lost at teardown, this one was caught in time - which is the whole argument for recording mates while things are still plugged together. ** EVIDENCE OF MELTING / CORROSION ** at this joint, and the mechanism is now precisely located: the gauge step is at the PIGTAIL's double-female, where the fuse's larger W/R meets this smaller harness W/R, on the highest-current circuit on the bike. DESIGN CONSEQUENCE FOR THE REBUILD: the rebuild replaces the fuse box and its pigtail with a blade block, so this particular joint disappears on its own. What must NOT be reproduced is the TOPOLOGY - charging output, main fuse output and starter-relay feed all meeting at one bullet junction with a conductor-size step in it. Gauge here is eyeballed, not measured; size the rebuild from the load."
B06.5,,4P rect (small),4,1,Bl,,fuse box (fixed pigtail),component,FUSE_4P,2026-08-29,provisional,"cavity rule: latch-up, keyway UP, viewed from the mating face. Cavity numbers are HARNESS-SIDE. MARKS: a '4' and a small flower logo, BOTH READING UPSIDE DOWN with the keyway up - so they are mould marks (tool cavity + maker's mark), NOT cavity numbers, and NOT an orientation reference. A lone digit on a 4-way housing cannot be a cavity number. MATE: fuse-box FIXED PIGTAIL, recorded 2026-08-28 while still mated and re-read 2026-08-29 with it disconnected. Male spades on the fuse-box side, so the harness half carries the female terminals. ** BOTH HALVES READ, ALL FOUR CAVITIES POPULATED ON EACH, AND THE MIRROR CHECKS OUT 4-of-4. ** Fuse-box half, viewed from ITS mating face with keyway up: TL Br/W, TR Bl, BL R/Bl, BR Bl/W. Mated face to face the halves mirror left-right and keep top/bottom, so harness TL meets fuse-box TR, and so on. Every pair matches on colour: Bl-Bl, Br/W-Br/W, Bl/W-Bl/W, R/Bl-R/Bl. No empty cavity, no cross-connection. This is the check that inverted the R/R conclusion at B04.3, run here and PASSED - and it independently confirms the mirror convention is being applied correctly. Blue Net 2 - the FUSED HEADLIGHT SUPPLY. 0.1 Ohm to B02.2 at the left-bar junction and OPEN to the brake circuit, so the fuse box feeds the dimmer common here. Fuse box holder 2, printed HEAD. ** A DIFFERENT AND SMALLER CONNECTOR THAN B04.3 - NOT THE SAME PART. ** Noted at the bench 2026-08-29 with both in hand. Typed '4P rect (small)' against B04.3's '4P rect (large)' precisely so the two cannot share a type constant: DEPTH AND TERMINAL WIDTH FOR THIS CONNECTOR ARE NOT MEASURED, and B04.3's 24.5 mm depth / 5.96 mm blade MUST NOT be applied here. Their mould marks differ too - diamond, '5' and a circled T on B04.3; a '4' and a flower logo here - so they are different series and probably different makers. ** NOT ARCHIVAL AFTER ALL - CORRECTED 2026-08-29. ** The fuse box itself is replaced by a blade block, so THIS connector is not reproduced. But B01.2, the right-bar 4P, is the SAME SERIES in the opposite gender, and the rebuild RETAINS the right-bar switchgear - so the harness must mate its pigtail and this series HAS to be identified and sourced. B06.5 is the sample that can be measured without disturbing the switchgear. Measure it."
B06.5,,4P rect (small),4,2,Br/W,,fuse box (fixed pigtail),component,FUSE_4P,2026-08-29,provisional,"cavity rule: latch-up, keyway UP, viewed from the mating face. Cavity numbers are HARNESS-SIDE. MARKS: a '4' and a small flower logo, BOTH READING UPSIDE DOWN with the keyway up - so they are mould marks (tool cavity + maker's mark), NOT cavity numbers, and NOT an orientation reference. A lone digit on a 4-way housing cannot be a cavity number. MATE: fuse-box FIXED PIGTAIL, recorded 2026-08-28 while still mated and re-read 2026-08-29 with it disconnected. Male spades on the fuse-box side, so the harness half carries the female terminals. Continuous to B01.2 (RH 4P) and B00.11 with the RH 4P disconnected - the Br/W net terminates at the fuse box on this cavity. Fuse box holder 3, printed TAIL. Which terminal of that holder is the INPUT is still unsettled - see FUSE_TAIL in the models; this connector cannot answer it. ** A DIFFERENT AND SMALLER CONNECTOR THAN B04.3 - NOT THE SAME PART. ** Noted at the bench 2026-08-29 with both in hand. Typed '4P rect (small)' against B04.3's '4P rect (large)' precisely so the two cannot share a type constant: DEPTH AND TERMINAL WIDTH FOR THIS CONNECTOR ARE NOT MEASURED, and B04.3's 24.5 mm depth / 5.96 mm blade MUST NOT be applied here. Their mould marks differ too - diamond, '5' and a circled T on B04.3; a '4' and a flower logo here - so they are different series and probably different makers. ** NOT ARCHIVAL AFTER ALL - CORRECTED 2026-08-29. ** The fuse box itself is replaced by a blade block, so THIS connector is not reproduced. But B01.2, the right-bar 4P, is the SAME SERIES in the opposite gender, and the rebuild RETAINS the right-bar switchgear - so the harness must mate its pigtail and this series HAS to be identified and sourced. B06.5 is the sample that can be measured without disturbing the switchgear. Measure it."
B06.5,,4P rect (small),4,3,Bl/W,,fuse box (fixed pigtail),component,FUSE_4P,2026-08-29,provisional,"cavity rule: latch-up, keyway UP, viewed from the mating face. Cavity numbers are HARNESS-SIDE. MARKS: a '4' and a small flower logo, BOTH READING UPSIDE DOWN with the keyway up - so they are mould marks (tool cavity + maker's mark), NOT cavity numbers, and NOT an orientation reference. A lone digit on a 4-way housing cannot be a cavity number. MATE: fuse-box FIXED PIGTAIL, recorded 2026-08-28 while still mated and re-read 2026-08-29 with it disconnected. Male spades on the fuse-box side, so the harness half carries the female terminals. Feeds fuse box holder 2 (HEAD). WHAT FEEDS Bl/W IS STILL OPEN - it runs between this box and the right-bar branch (B01.1) and has never been rung. NOT the same wire as B00.8/B09's W/Bl: this is BLUE base with a white tracer. Base colour first. ** A DIFFERENT AND SMALLER CONNECTOR THAN B04.3 - NOT THE SAME PART. ** Noted at the bench 2026-08-29 with both in hand. Typed '4P rect (small)' against B04.3's '4P rect (large)' precisely so the two cannot share a type constant: DEPTH AND TERMINAL WIDTH FOR THIS CONNECTOR ARE NOT MEASURED, and B04.3's 24.5 mm depth / 5.96 mm blade MUST NOT be applied here. Their mould marks differ too - diamond, '5' and a circled T on B04.3; a '4' and a flower logo here - so they are different series and probably different makers. ** NOT ARCHIVAL AFTER ALL - CORRECTED 2026-08-29. ** The fuse box itself is replaced by a blade block, so THIS connector is not reproduced. But B01.2, the right-bar 4P, is the SAME SERIES in the opposite gender, and the rebuild RETAINS the right-bar switchgear - so the harness must mate its pigtail and this series HAS to be identified and sourced. B06.5 is the sample that can be measured without disturbing the switchgear. Measure it."
B06.5,,4P rect (small),4,4,R/Bl,,fuse box (fixed pigtail),component,FUSE_4P,2026-08-29,provisional,"cavity rule: latch-up, keyway UP, viewed from the mating face. Cavity numbers are HARNESS-SIDE. MARKS: a '4' and a small flower logo, BOTH READING UPSIDE DOWN with the keyway up - so they are mould marks (tool cavity + maker's mark), NOT cavity numbers, and NOT an orientation reference. A lone digit on a 4-way housing cannot be a cavity number. MATE: fuse-box FIXED PIGTAIL, recorded 2026-08-28 while still mated and re-read 2026-08-29 with it disconnected. Male spades on the fuse-box side, so the harness half carries the female terminals. Fuse box holder 3 (TAIL). RED base with a blue tracer. Does not appear in the cable index. The same R/Bl appears at B00.3, the ignition switch 4P - the standing candidate for its other end, still unrung, and deliberately left unconnected in the models rather than assumed. ** A DIFFERENT AND SMALLER CONNECTOR THAN B04.3 - NOT THE SAME PART. ** Noted at the bench 2026-08-29 with both in hand. Typed '4P rect (small)' against B04.3's '4P rect (large)' precisely so the two cannot share a type constant: DEPTH AND TERMINAL WIDTH FOR THIS CONNECTOR ARE NOT MEASURED, and B04.3's 24.5 mm depth / 5.96 mm blade MUST NOT be applied here. Their mould marks differ too - diamond, '5' and a circled T on B04.3; a '4' and a flower logo here - so they are different series and probably different makers. ** NOT ARCHIVAL AFTER ALL - CORRECTED 2026-08-29. ** The fuse box itself is replaced by a blade block, so THIS connector is not reproduced. But B01.2, the right-bar 4P, is the SAME SERIES in the opposite gender, and the rebuild RETAINS the right-bar switchgear - so the harness must mate its pigtail and this series HAS to be identified and sourced. B06.5 is the sample that can be measured without disturbing the switchgear. Measure it."
B01.2,,4P rect (small),4,1,Br,,right-bar switchgear pigtail,subharness,RH_4P,2026-08-29,provisional,"cavity rule: latch-up, keyway UP, viewed from the mating face. SAME SERIES AS B06.5 ('4P rect (small)') but the OPPOSITE GENDER - B01.2's harness half carries MALE spades, B06.5's carries female. Both genders of this series are present in the harness. NOT the same part as B04.3, which is the larger 4P. ** PART SELECTION, NOT ARCHIVAL: ** the rebuild retains the right-bar switchgear, so the new harness must mate its pigtail. This series has to be identified and sourced in the male half. Dimensions are NOT MEASURED on either B01.2 or B06.5 - do that before ordering, and do not borrow B04.3's. MATE: right-bar switchgear pigtail (subharness). Read with the connector DISCONNECTED. On the single brown switched-ignition bus. Feeds SP_RH_BR, the confirmed 1-to-3 splice inside the switch pigtail. ** THE MODEL'S WAY-LIST IS CONFIRMED, 4-of-4. ** RH_4P is drawn [Br, Br/W, Y/R, BK] and the bench cavity order is identical, so no renumber was needed - unlike FUSE_4P, whose ways turned out to be grouped by holder rather than recorded.  ** BOTH HALVES READ, ALL FOUR POPULATED ON EACH, MIRROR CHECKS OUT 4-of-4, 2026-08-29. ** Subharness half, from ITS mating face with keyway up: TL Br/W, TR Br, BL BK, BR Y/R. Mated the halves mirror left-right and keep top/bottom, so every pair matches on colour: Br-Br, Br/W-Br/W, Y/R-Y/R, BK-BK. Housings interlock male-to-receptacle; TERMINALS are male on the harness side, female on the subharness side. WIRE COUNT CLOSES: 4 pins here plus the Bl/W flying bullet (see B01.1) = 5 conductors leaving the switchgear, which is exactly what RH_4P's note predicts from the switch's 4 leads through SP_RH_YR (2-to-1 on Y/R) and SP_RH_BR (1-to-3 on Br). "
B01.2,,4P rect (small),4,2,Br/W,,right-bar switchgear pigtail,subharness,RH_4P,2026-08-29,provisional,"cavity rule: latch-up, keyway UP, viewed from the mating face. SAME SERIES AS B06.5 ('4P rect (small)') but the OPPOSITE GENDER - B01.2's harness half carries MALE spades, B06.5's carries female. Both genders of this series are present in the harness. NOT the same part as B04.3, which is the larger 4P. ** PART SELECTION, NOT ARCHIVAL: ** the rebuild retains the right-bar switchgear, so the new harness must mate its pigtail. This series has to be identified and sourced in the male half. Dimensions are NOT MEASURED on either B01.2 or B06.5 - do that before ordering, and do not borrow B04.3's. MATE: right-bar switchgear pigtail (subharness). Read with the connector DISCONNECTED. Continuous to B00.11 and B06.5 with THIS CONNECTOR DISCONNECTED, which is what makes the reading meaningful - the Br/W net terminates at the fuse box. Adjacent to the Br cavity, which neither supports nor refutes the open SP_RH_BR question: that splice is under the sleeve of the switch pigtail and a cavity map cannot reach it."
B01.2,,4P rect (small),4,3,Y/R,,right-bar switchgear pigtail,subharness,RH_4P,2026-08-29,provisional,"cavity rule: latch-up, keyway UP, viewed from the mating face. SAME SERIES AS B06.5 ('4P rect (small)') but the OPPOSITE GENDER - B01.2's harness half carries MALE spades, B06.5's carries female. Both genders of this series are present in the harness. NOT the same part as B04.3, which is the larger 4P. ** PART SELECTION, NOT ARCHIVAL: ** the rebuild retains the right-bar switchgear, so the new harness must mate its pigtail. This series has to be identified and sourced in the male half. Dimensions are NOT MEASURED on either B01.2 or B06.5 - do that before ordering, and do not borrow B04.3's. MATE: right-bar switchgear pigtail (subharness). Read with the connector DISCONNECTED. Kill-switch output / coil feed - the SP_YR node. THE critical stock detail: cutting this is how the engine stop switch stops the engine."
B01.2,,4P rect (small),4,4,BK,,right-bar switchgear pigtail,subharness,RH_4P,2026-08-29,provisional,"cavity rule: latch-up, keyway UP, viewed from the mating face. SAME SERIES AS B06.5 ('4P rect (small)') but the OPPOSITE GENDER - B01.2's harness half carries MALE spades, B06.5's carries female. Both genders of this series are present in the harness. NOT the same part as B04.3, which is the larger 4P. ** PART SELECTION, NOT ARCHIVAL: ** the rebuild retains the right-bar switchgear, so the new harness must mate its pigtail. This series has to be identified and sourced in the male half. Dimensions are NOT MEASURED on either B01.2 or B06.5 - do that before ordering, and do not borrow B04.3's. MATE: right-bar switchgear pigtail (subharness). Read with the connector DISCONNECTED. BLACK NET 2 - the starter trigger. 0.2 Ohm to B06.2 on the starter-relay branch and OPEN to the horn net (Black Net 1). Colour alone would not have separated the two black nets."
B01.1,,male bullet,1,,Bl/W,,right-bar switchgear pigtail - female flying bullet,subharness,RH_BLW,2026-08-29,provisional,"BLUE base with a white tracer - NOT the same wire as B00.8/B09's W/Bl (white base). Base colour first. MATE CONFIRMED 2026-08-29: the right-bar switch subharness carries a flying lead ending in a FEMALE bullet on Bl/W, so this harness-side bullet is the MALE half. That accounts for the fifth conductor leaving the switchgear and closes RH_4P's wire count. DIRECTION OF POWER FLOW IS STILL OPEN and this does not settle it: the 17 Aug trace called Bl/W the FEED INTO the branch; the HEAD fuse's settled orientation (Bl/W in, Bl out) makes it a feed OUT of the branch into that fuse. Ring B01.1 to B06.5, and both against the main W/R net. PART SELECTION: the rebuild retains the right-bar switchgear, so this bullet is reproduced too."
B02.3,,6P rect (small),6,1,R/BK,,left-bar switchgear pigtail,subharness,LH,2026-08-29,provisional,"cavity rule: latch-up, keyway UP, viewed from the mating face, left to right, TOP ROW FIRST. LAYOUT IS 3 ROWS OF 2, not 2 rows of 3 - so ways 1/2 are the top pair, 3/4 the middle, 5/6 the bottom. Harness side: MALE spades in a female housing. Dimmer HI output. Metered on the unplugged cluster 2026-08-28: Bl common, 0.1 Ohm to R/BK in HI. RED base with a black tracer. ** NO BLUE IN THIS CONNECTOR, AND BROWN IS IN IT. ** Confirmed at the bench 2026-08-29. This resolves the 'way list over-subscribed' conflict the models carried since 2026-08-28: the model had the 6P carrying G, O, Gy, Bl, R/BK, R/Y and then found switched brown reaching the junction with no way free. There was never a seventh conductor - Bl was mis-assigned. The dimmer's blue arrives on its OWN FLYING LEAD, B02.2, a female bullet alongside this connector. Swap Bl out for Br and the count closes.  ** BOTH HALVES READ 2026-08-29. MIRROR IS 5-of-6: CAVITY 2 (Br) MATES AN EMPTY CAVITY. ** Cluster half from ITS mating face, keyway up, top row first: EMPTY and R/BK, then R/Y and Gy, then Gn and Or. Every populated pair matches on colour; the brown has no partner. ** SO THE BROWN FEEDS NOTHING AT THE LEFT CLUSTER. ** The standing question was 'what does it feed'; the answer is that it does not. This is the SECOND connector on this harness where a live harness wire lands on an unpopulated cavity - B04.3's brown at the R/R is the other. HYPOTHESIS, now much stronger than when B04.3 raised it alone: this loom serves KZ305-A1/A2/B1/C1/D1 and ways dead on a B1 are live on another variant. A left-cluster brown feed would suit a headlight on/off switch, which some markets had and this bike does not. NOT ESTABLISHED - it explains two observations and predicts more dead ways, which is what makes it testable as the remaining connectors are read. REBUILD: do not reproduce this way. The new left-bar connector needs FIVE ways, not six.  CONNECTOR FAMILY: the SAME SERIES as B06.5 and B01.2 - the 'small' family - in a 6-way size. That series now appears in this harness as 4P and 6P, in both genders, which makes identifying it worth real effort: the rebuild has to source a male-spade 4P (right bar) AND a male-spade 6P (left bar). Typed '6P rect (small)' to sit alongside '4P rect (small)'. NO DIMENSION HAS BEEN MEASURED on any member of this family - see the type warning in measurements/README. ** LH PIGTAIL UNSLEEVED 2026-08-29: NO SPLICES. ** Every conductor runs straight through from this connector to the switch. That is what makes the cluster's lead count trustworthy - with no splice, the pigtail's conductor count IS the lead count and nothing can hide. NEGATIVE RESULT WORTH KEEPING: two splices in the right-bar branch, none here. The bars are not symmetric."
B02.3,,6P rect (small),6,2,Br,,left-bar switchgear pigtail (cavity EMPTY on the cluster half),open,LH,2026-08-29,provisional,"cavity rule: latch-up, keyway UP, viewed from the mating face, left to right, TOP ROW FIRST. LAYOUT IS 3 ROWS OF 2, not 2 rows of 3 - so ways 1/2 are the top pair, 3/4 the middle, 5/6 the bottom. Harness side: MALE spades in a female housing. On the single brown switched-ignition bus (0.0 Ohm to B00.1's brown, 2026-08-28). ** IT FEEDS NOTHING. THE CLUSTER HALF OF THIS CAVITY IS EMPTY ** - read 2026-08-29 with the mirror accounted for; the other five pairs all match on colour. The harness carries a live switched-ignition wire to a way the left cluster does not populate. Same pattern as B04.3's brown at the R/R. It was NOT a horn ground: the cluster has no eighth lead at all."
B02.3,,6P rect (small),6,3,Gy,,left-bar switchgear pigtail,subharness,LH,2026-08-29,provisional,"cavity rule: latch-up, keyway UP, viewed from the mating face, left to right, TOP ROW FIRST. LAYOUT IS 3 ROWS OF 2, not 2 rows of 3 - so ways 1/2 are the top pair, 3/4 the middle, 5/6 the bottom. Harness side: MALE spades in a female housing. Right-turn signal output (SIG_R). 0.5 Ohm to B00.1's grey 2026-08-28."
B02.3,,6P rect (small),6,4,R/Y,,left-bar switchgear pigtail,subharness,LH,2026-08-29,provisional,"cavity rule: latch-up, keyway UP, viewed from the mating face, left to right, TOP ROW FIRST. LAYOUT IS 3 ROWS OF 2, not 2 rows of 3 - so ways 1/2 are the top pair, 3/4 the middle, 5/6 the bottom. Harness side: MALE spades in a female housing. Dimmer LO output. 0.1 Ohm to Bl common in LO. RED base with a yellow tracer - NOT Y/R."
B02.3,,6P rect (small),6,5,Or,,left-bar switchgear pigtail,subharness,LH,2026-08-29,provisional,"cavity rule: latch-up, keyway UP, viewed from the mating face, left to right, TOP ROW FIRST. LAYOUT IS 3 ROWS OF 2, not 2 rows of 3 - so ways 1/2 are the top pair, 3/4 the middle, 5/6 the bottom. Harness side: MALE spades in a female housing. Turn-switch common, fed from the flasher output (W_FLASH_OUT)."
B02.3,,6P rect (small),6,6,Gn,,left-bar switchgear pigtail,subharness,LH,2026-08-29,provisional,"cavity rule: latch-up, keyway UP, viewed from the mating face, left to right, TOP ROW FIRST. LAYOUT IS 3 ROWS OF 2, not 2 rows of 3 - so ways 1/2 are the top pair, 3/4 the middle, 5/6 the bottom. Harness side: MALE spades in a female housing. Left-turn signal output (SIG_L). 0.0 Ohm to B00.1's green 2026-08-28."
B02.2,,female bullet,1,,Bl,,left-bar switchgear pigtail - flying lead,subharness,LH,2026-08-29,provisional,"The dimmer's blue common, arriving on a SEPARATE FLYING LEAD rather than through the B02.3 6P. Harness side is a FEMALE bullet. ** THIS IS WHAT RESOLVED THE 6P's OVER-SUBSCRIBED WAY LIST ** - the models had blue occupying a way in the connector, leaving no room for the brown the ring-out found. Blue was never in the connector. BLUE NET 2 - the fused headlight supply. 0.1 Ohm to B06.5 cavity 1 at the fuse box and OPEN to the brake circuit (Blue Net 1). First reading of the B02.2-B06.5 pair was 23 Ohm; the terminal face was scraped and the remeasure gave 0.1 Ohm - both readings are in harness-lengths.csv per the append-never-overwrite rule."
B02.1,,spade,1,,BK,,left-bar switchgear pigtail,subharness,LH,2026-08-29,provisional,"PLAIN BLACK - no tracer. Read off the wire 2026-08-29, which is the only source: the printed switch table renders this conductor as a hatched two-colour swatch that cannot be read, and the models carried BK/W as an explicit guess. The guess was wrong. Individual spade terminal, not in the 6P. BLACK NET 1 - the horn button return, 0.1 Ohm to B01.3's black (the horn) and OPEN to Black Net 2 (the starter trigger). Colour alone would not have separated those two black nets. LEAD COUNT AT THE LEFT CLUSTER: five through the 6P, plus B02.2's blue bullet, plus this spade = SEVEN. The models draw the cluster with EIGHT pins, the eighth being a horn ground. There is no eighth lead, so the horn button grounds through the cluster body and W_HORN_GND does not exist as a wire. Worth one confirming look at the cluster before the model is redrawn."
B00.3,,4P rect (small),4,1,W,>18,ignition / lock switch,component,IGN,2026-08-29,provisional,"cavity rule: latch-up, keyway UP, viewed from the mating face, left to right, top row first. Harness side: FEMALE terminals. SAME SERIES as B06.5/B01.2/B02.3 - the 'small' family - which now has four members in this harness. Battery feed. VISIBLY HEAVIER than the harness's common wire - eyeball only, no gauge measured; consistent with it being the main supply into the switch. ** ITS SOURCE IS THE LAST BIG OPEN CONFLICT (W_IGN_FEED). ** The models run white to this pin from the 20A MAIN fuse's OUTPUT terminal - but that terminal carries W/R on the bench, and no point on the W/R net is anywhere near the headlight junction. Either the colour or the route is wrong. ** MEASURED AND CLOSED 2026-08-29: 0.1 Ohm to B06.3. ** B06.3 mates the fuse-box pigtail's white, which lands on the 20A MAIN's W terminal - so this pin is fed from that terminal, and the models' white-from-the-fuse route was RIGHT all along. Neither of the two live readings was correct: what was wrong is that the fuse's TERMINALS were assigned backwards. W/R is the BATTERY side (B06.4's node, with the starter relay and the R/R), W is the LOAD side feeding this pin. So the 20A MAIN protects the ignition switch and everything downstream of it, and does NOT protect the charging path or the starter relay. ** BOTH HALVES READ, ALL FOUR POPULATED, MIRROR 4-of-4, 2026-08-29. ** Switch half from ITS mating face keyway up: R and W on the top row, R/Bl and Br on the bottom. Every pair matches on colour. No dead way here - so the two dead ways found so far (B04.3, B02.3) are not universal, which the variant hypothesis predicts: they should cluster on circuits a B1 does not have. ** CONNECTOR CONFIRMED AS THE IGNITION / LOCK SWITCH ** - by elimination, not resemblance: no other 4-way in this harness carries W + R + Br + R/Bl, and family, gender and way count all agree. "
B00.3,,4P rect (small),4,2,R,,ignition / lock switch,component,IGN,2026-08-29,provisional,"cavity rule: latch-up, keyway UP, viewed from the mating face, left to right, top row first. Harness side: FEMALE terminals. SAME SERIES as B06.5/B01.2/B02.3 - the 'small' family - which now has four members in this harness. Tail 2 - the tail-lamp feed. In ON the switch bridges it to R/Bl (cavity 4); in PARK it is connected straight to W (cavity 1), which feeds the parking light directly. That PARK behaviour is what identifies R as the LAMP end and R/Bl as the FEED end."
B00.3,,4P rect (small),4,3,Br,,ignition / lock switch,component,IGN,2026-08-29,provisional,"cavity rule: latch-up, keyway UP, viewed from the mating face, left to right, top row first. Harness side: FEMALE terminals. SAME SERIES as B06.5/B01.2/B02.3 - the 'small' family - which now has four members in this harness. Ignition output - the source of the switched brown bus. 0.0 Ohm to the bus's nine harness points 2026-08-28. ON closes W to Br."
B00.3,,4P rect (small),4,4,R/Bl,,ignition / lock switch,component,IGN,2026-08-29,provisional,"cavity rule: latch-up, keyway UP, viewed from the mating face, left to right, top row first. Harness side: FEMALE terminals. SAME SERIES as B06.5/B01.2/B02.3 - the 'small' family - which now has four members in this harness. ** TAIL 1, AND IT IS R/Bl - NOT R/BK. ** The printed switch table gives R/BK and the 600 dpi scan cannot separate the two. BOTH HALVES read RED base with a BLUE tracer at the bench 2026-08-29 - the switch's own pigtail independently of the harness wire, so two physical reads against one scan reading. R/BK is a real colour on this bike (the dimmer beam outputs at B00.12 and B02.3), which is why this was never an obvious transcription slip. THIS IS THE FAR END OF THE TAIL FUSE OUTPUT: holder 3 is settled as Br/W in, R/Bl out, so the chain is brown bus, right-bar splice, Br/W, TAIL fuse, R/Bl, this pin, bridged to R in ON, tail lamp. ** CONFIRMED BY METER 2026-08-29: 0.2 Ohm to B06.5 cavity 4. ** The TAIL chain is now measured end to end rather than deduced from the switch table."
B00.1,,6P rect (small),6,1,Gn,,instrument / indicator pod pigtail,subharness,INSTR_6P,2026-08-29,provisional,"cavity rule: latch-up, keyway UP, viewed from the mating face, left to right, TOP ROW FIRST. Layout is 3 ROWS OF 2. Harness side: FEMALE terminals. SAME SERIES as B02.3 (the left-bar 6P) which is MALE - both genders of this family exist in the 6-way size, as they do in the 4-way. Family now has five members: B06.5, B01.2, B02.3, B00.3, B00.1. Left-turn indicator. 0.3/0.0 Ohm to B00.10 and B02.3's green 2026-08-28."
B00.1,,6P rect (small),6,2,Gy,,instrument / indicator pod pigtail,subharness,INSTR_6P,2026-08-29,provisional,"cavity rule: latch-up, keyway UP, viewed from the mating face, left to right, TOP ROW FIRST. Layout is 3 ROWS OF 2. Harness side: FEMALE terminals. SAME SERIES as B02.3 (the left-bar 6P) which is MALE - both genders of this family exist in the 6-way size, as they do in the 4-way. Family now has five members: B06.5, B01.2, B02.3, B00.3, B00.1. Right-turn indicator. 0.2/0.5 Ohm to B00.4 and B02.3's grey 2026-08-28."
B00.1,,6P rect (small),6,3,Br,,instrument / indicator pod pigtail,subharness,INSTR_6P,2026-08-29,provisional,"cavity rule: latch-up, keyway UP, viewed from the mating face, left to right, TOP ROW FIRST. Layout is 3 ROWS OF 2. Harness side: FEMALE terminals. SAME SERIES as B02.3 (the left-bar 6P) which is MALE - both genders of this family exist in the 6-way size, as they do in the 4-way. Family now has five members: B06.5, B01.2, B02.3, B00.3, B00.1. Neutral indicator FEED, off the switched-ignition bus - one of its nine harness points."
B00.1,,6P rect (small),6,4,LG,,instrument / indicator pod pigtail,subharness,INSTR_6P,2026-08-29,provisional,"cavity rule: latch-up, keyway UP, viewed from the mating face, left to right, TOP ROW FIRST. Layout is 3 ROWS OF 2. Harness side: FEMALE terminals. SAME SERIES as B02.3 (the left-bar 6P) which is MALE - both genders of this family exist in the 6-way size, as they do in the 4-way. Family now has five members: B06.5, B01.2, B02.3, B00.3, B00.1. LIGHT GREEN - the neutral SWITCH lead, not plain green. Same net as B01.4, the 900 mm branch to the neutral switch. ** THIS COMPLETES THE NEUTRAL CIRCUIT: ** brown feeds the lamp on cavity 3, the lamp returns on this cavity to the switch, which grounds through the engine case in neutral. The models drew the return running pod-to-switch WITHOUT crossing this connector; the cavity map disproves that and it has been rerouted. Note the models render LG as GN - WireViz has no distinct light-green code - so do not read the drawing's green here as plain green."
B00.1,,6P rect (small),6,5,R/BK,,instrument / indicator pod pigtail,subharness,INSTR_6P,2026-08-29,provisional,"cavity rule: latch-up, keyway UP, viewed from the mating face, left to right, TOP ROW FIRST. Layout is 3 ROWS OF 2. Harness side: FEMALE terminals. SAME SERIES as B02.3 (the left-bar 6P) which is MALE - both genders of this family exist in the 6-way size, as they do in the 4-way. Family now has five members: B06.5, B01.2, B02.3, B00.3, B00.1. High-beam indicator feed. ** COLOUR CORRECTED 2026-08-29: this is R/BK, not R. ** The 2026-08-28 harness-side record listed a plain 'red' among these six wires; re-read carefully it is RED base with a BLACK tracer. That single tracer is the difference between the high-beam feed and a meter lamp feed, and it briefly led to the wrong conclusion that no R/BK crossed this connector at all. Third time base-colour-vs-tracer has bitten this project. Consistent with B00.12, the 2-into-1 crimp at the headlight junction: one R/BK to the headlight filament, one to this dash indicator."
B00.1,,6P rect (small),6,6,BK/Y,,instrument / indicator pod pigtail,subharness,INSTR_6P,2026-08-29,provisional,"cavity rule: latch-up, keyway UP, viewed from the mating face, left to right, TOP ROW FIRST. Layout is 3 ROWS OF 2. Harness side: FEMALE terminals. SAME SERIES as B02.3 (the left-bar 6P) which is MALE - both genders of this family exist in the 6-way size, as they do in the 4-way. Family now has five members: B06.5, B01.2, B02.3, B00.3, B00.1. The pod's COMMON GROUND BUS leaving the pod - the four pod lamps share one. BLACK base with a yellow tracer. ** ITS DESTINATION IS NOT MEASURED AND IT IS NOT DRAWN. ** Black base makes Net B the strong candidate, and GND_CHASSIS's own note says most of its inherited leads probably belong to Net B - but that is a colour argument, and colour has been wrong on this harness repeatedly. RING THIS AGAINST NET B (B00.2 / B10.5 / B04.3 / B04.5) before anything is drawn. If it is Net B, the pod earths outside the harness through its own mounting like the rest of that net. ** SPLICE LOCATED 2026-08-29: 1-to-3 inside the POD PIGTAIL's sleeve, not in the pod. ** The BK/Y from this cavity splits into three BK/Y legs. THE CONDUCTOR COUNT MAKES IT EXACTLY THREE, not 'at least': six ways cross the connector and EIGHT wires leave the pigtail into the pod, and five of the six ways are signal (Gn Gy Br LG R/BK), so 5 + 3 = 8. Four legs would need nine wires, two would need seven. AND IT SAYS WHICH LAMPS: three of the pod's four ground locally - IND_L on Gn, IND_R on Gy, IND_HB on R/BK. The NEUTRAL lamp needs no local ground because its return is the LG on cavity 4 to the neutral switch. Four lamps, three grounds, and the arithmetic only closes this way. Same shape of argument as the right-bar 4P, where a conductor count corroborated two splices from outside the sleeve. Drawn as SP_POD_GND."
